unit,filename,url
АП Кафедра архітектурного проектування,dep_img_1.jpg,https://lpnu.ua/sites/default/files/styles/teaser/public/2026/9/24/news/37696/n1000008767_0.jpg?itok=1KVF4TVw
АПІ Кафедра архітектурного проектування та інженерії,dep_img_2.jpg,https://lpnu.ua/sites/default/files/styles/teaser/public/2026/9/18/news/37633/photo2026-09-1411-29-04.jpg?itok=5OYkm_LQ
АТР Кафедра архітектури та реставрації,dep_img_3.jpg,https://lpnu.ua/sites/default/files/styles/teaser/public/2026/9/23/news/37679/geminigeneratedimagersdgpsrsdgpsrsdg.jpg?itok=V9FDkjV2
ВДМ Кафедра візуального дизайну і мистецтва,dep_img_4.jpg,https://lpnu.ua/sites/default/files/styles/teaser/public/2026/9/24/news/37709/2geminigeneratedimage9xvwtd9xvwtd9xvw.jpg?itok=qL-Hemq0
ДАС Кафедра дизайну архітектурного середовища,dep_img_5.jpg,https://lpnu.ua/sites/default/files/styles/teaser/public/2026/9/14/news/37576/211img6877-1.jpg?itok=S8uPwdSS
ДОА Кафедра дизайну та основ архітектури,dep_img_6.jpg,https://lpnu.ua/sites/default/files/styles/teaser/public/2026/6/24/news/36983/whatsapp-image-2026-06-19-145755-30.jpeg?itok=w9CD8vHy
МБ Кафедра містобудування,dep_img_7.jpg,https://lpnu.ua/sites/default/files/styles/teaser/public/2026/8/5/news/37310/24n.jpg?itok=QmQGy4XE
АДМ Кафедра автомобільних доріг та мостів,dep_img_8.jpg,https://lpnu.ua/sites/default/files/styles/teaser/public/2026/8/5/news/37315/whatsapp-image-2026-06-26-30217-pm-4-1.jpeg?itok=ocPB0oTm
БВ Кафедра будівельного виробництва,dep_img_9.jpg,https://lpnu.ua/sites/default/files/styles/teaser/public/2026/8/5/news/37314/0-02-05-5731bf3ec1ce474080731a76ae8ac61a6bf578da1331f39163103311190c669623e3254add5b7e7b.jpg?itok=xoY5CWIk
БКМ Кафедра будівельних конструкцій та мостів,dep_img_10.jpg,https://lpnu.ua/sites/default/files/styles/teaser/public/2026/9/23/news/37678/0-02-05-f8f28554eab848f7fb5294f5c17814e7d7e68644e92c61691a6a03de2264b0d1b856094a660001bc3e0.jpg?itok=EDDZ7kra
ГВІ Кафедра гідротехніки та водної інженерії,dep_img_11.jpg,https://lpnu.ua/sites/default/files/styles/teaser/public/2026/9/15/news/37599/11geminigeneratedimagef24yptf24yptf24y.jpg?itok=1vQksfJp
ЗВП Кафедра загальновійськової підготовки,dep_img_12.jpg,https://lpnu.ua/sites/default/files/styles/teaser/public/2026/9/24/news/37694/1img0153.jpg?itok=UU-xQFBH
ОМБМ Кафедра опору матеріалів та будівельної механіки,dep_img_13.jpg,https://lpnu.ua/sites/default/files/styles/teaser/public/2026/5/21/news/36496/dm-t.jpg?itok=Y9B5Wm3Z
ТГВ Кафедра теплогазопостачання і вентиляції,dep_img_14.jpg,https://lpnu.ua/sites/default/files/styles/teaser/public/2026/9/21/news/37648/8147140649550897209797744389226901411567318n.jpg?itok=27m4KUC6
АФМ Кафедра адміністративного та фінансового менеджменту,dep_img_15.jpg,https://lpnu.ua/sites/default/files/styles/teaser/public/2026/9/22/news/37669/1whatsapp-image-2026-09-21-142612.jpg?itok=zcNBTYsu
БПЖД Кафедра безпеки праці і життєдіяльності людини,dep_img_16.jpg,https://lpnu.ua/sites/default/files/styles/teaser/public/2026/9/3/news/37430/img5093.jpeg?itok=Lzisacpk
ПВР Кафедра публічного врядування,dep_img_17.jpg,https://lpnu.ua/sites/default/files/styles/teaser/public/2026/9/15/news/37591/11img-20260914-wa0008.jpg?itok=EW5YNjIk
ПЕЕТ Кафедра підприємництва та екологічної експертизи товарів,dep_img_18.jpg,https://lpnu.ua/sites/default/files/styles/teaser/public/2026/6/2/news/36688/img20260526100452-t.jpg?itok=tefAmJe9
ТУР Кафедра туризму,dep_img_19.jpg,https://lpnu.ua/sites/default/files/styles/teaser/public/2026/7/30/news/37288/img20260713105926175786853322.jpg?itok=fK2Y8tkf
УП Кафедра управління проектами,dep_img_20.jpg,https://lpnu.ua/sites/default/files/styles/teaser/public/2026/9/14/news/37561/flexiprojectgantt.png?itok=u6JZ7HJs
ВГА Кафедра вищої геодезії та астрономії,dep_img_21.jpg,https://lpnu.ua/sites/default/files/styles/teaser/public/2026/9/24/news/37705/333img7652.jpg?itok=a56tM3sK
ІГД Кафедра інженерної геодезії,dep_img_22.jpg,https://lpnu.ua/sites/default/files/styles/teaser/public/2026/8/31/news/37400/1zastavka.jpg?itok=fc5DRJ8E
КГ Кафедра геодезії,dep_img_23.jpg,https://lpnu.ua/sites/default/files/styles/teaser/public/2026/9/23/news/37682/nimg6971.jpg?itok=QOJYmxYk
КГМ Кафедра картографії та геопросторового моделювання,dep_img_24.jpg,https://lpnu.ua/sites/default/files/styles/teaser/public/2026/9/22/news/37666/5520260828115520.jpg?itok=pTDTcszY
КДТ Кафедра кадастру територій,dep_img_25.jpg,https://lpnu.ua/sites/default/files/styles/teaser/public/2026/7/13/news/37186/igdg-cgp-2-t.jpg?itok=nQAekA_D
ФГІ Кафедра фотограмметрії та геоінформатики,dep_img_26.jpg,https://lpnu.ua/sites/default/files/styles/teaser/public/2026/9/23/news/37683/n81242955910783966681143624424899229155932287n.jpg?itok=_mqV_ZC2
ІМГС Кафедра іноземних мов гуманітарно-соціального спрямування,dep_img_27.jpg,https://lpnu.ua/sites/default/files/styles/teaser/public/2026/8/10/news/37325/zast1000019075_0.jpg?itok=0kSHGQ_I
"ІМКС Кафедра історії, музеєзнавства та культурної спадщини",dep_img_28.jpg,https://lpnu.ua/sites/default/files/styles/teaser/public/2026/9/7/news/37479/5204144789929007070.jpg?itok=ktg4NuOt
ІМТС Кафедра іноземних мов технічного спрямування,dep_img_29.jpg,https://lpnu.ua/sites/default/files/styles/teaser/public/2026/9/24/news/37700/20260922134626.jpg?itok=cc0wrvmg
КФ Кафедра філософії,dep_img_30.jpg,https://lpnu.ua/sites/default/files/styles/teaser/public/2026/9/17/news/37621/geminigeneratedimage6c1ox06c1ox06c1o.jpg?itok=NN9c2tak
ПМВ Кафедра політології та міжнародних відносин,dep_img_31.jpg,https://lpnu.ua/sites/default/files/styles/teaser/public/2026/9/23/news/37684/nafisha-1709-11.jpg?itok=K-piZThi
СКІД Кафедра соціальних комунікацій та інформаційної діяльності,dep_img_32.jpg,https://lpnu.ua/sites/default/files/styles/teaser/public/2026/9/23/news/37690/n7.jpg?itok=FQHEsoHX
СР Кафедра соціології та соціальної роботи,dep_img_33.jpg,https://lpnu.ua/sites/default/files/styles/teaser/public/2026/9/8/news/37475/5.png?itok=xyhoz0M-
УМ Кафедра української мови,dep_img_34.jpg,https://lpnu.ua/sites/default/files/styles/teaser/public/2026/9/22/news/37665/geminigeneratedimagedyuhgsdyuhgsdyuh.jpg?itok=ui4Q-jZV
ФВ Кафедра фізичного виховання,dep_img_35.jpg,https://lpnu.ua/sites/default/files/styles/teaser/public/2026/7/3/news/37112/mon-sport-t.jpg?itok=PUwpd4I-
ЕПІ Кафедра економіки підприємства та інвестицій,dep_img_36.jpg,https://lpnu.ua/sites/default/files/styles/teaser/public/2026/9/4/news/37477/znimok-ekrana-2026-09-07-160646.jpg?itok=-0a0hFOr
ЗМД Кафедра зовнішньоекономічної та митної діяльності,dep_img_37.jpg,https://lpnu.ua/sites/default/files/styles/teaser/public/2026/9/7/news/37476/img9889.jpg?itok=ShCo0EnO
МЛ Кафедра маркетингу і логістики,dep_img_38.jpg,https://lpnu.ua/sites/default/files/styles/teaser/public/2026/9/22/news/37672/808942685279633484833665008286023253452286695n.jpg?itok=YPaFXXDD
ММП Кафедра менеджменту і міжнародного підприємництва,dep_img_39.jpg,https://lpnu.ua/sites/default/files/styles/teaser/public/2026/9/24/news/37691/img-390d7fc88f82c3581355aa007065790b-v-1.jpg?itok=mC2wlcLX
МО Кафедра менеджменту організацій,dep_img_40.jpg,https://lpnu.ua/sites/default/files/styles/teaser/public/2026/9/24/news/37702/screenshot21.jpg?itok=oldmOH-W
МПА Кафедра менеджменту персоналу та адміністрування,dep_img_41.jpg,https://lpnu.ua/sites/default/files/styles/teaser/public/2026/6/23/news/36976/mpa-znimok-ekrana-2026-06-17-170229-t.png?itok=QgcGlvhA
ОА Кафедра обліку та аналізу,dep_img_42.jpg,https://lpnu.ua/sites/default/files/styles/teaser/public/2026/8/10/news/37328/osn-14082026.jpg?itok=wibIzM8t
ТПЕ Кафедра теоретичної та прикладної економіки,dep_img_43.jpg,https://lpnu.ua/sites/default/files/styles/teaser/public/2026/7/1/news/37092/photo5332743863187219017y-t.jpg?itok=bwE3q-9b
ФІН Кафедра фінансів,dep_img_44.jpg,https://lpnu.ua/sites/default/files/styles/teaser/public/2026/9/21/news/37649/558872.jpg?itok=O2DSRoH5
АВКТ Кафедра автоматизації та комп'ютерно-інтегрованих технологій,dep_img_45.jpg,https://lpnu.ua/sites/default/files/styles/teaser/public/2026/9/10/news/37523/1konkurs-strobit-energoatom.jpg?itok=CmhByFDR
ЕЕС Кафедра електроенергетичних систем,dep_img_46.jpg,https://lpnu.ua/sites/default/files/styles/teaser/public/2026/6/3/news/36718/mon-yader-t.png?itok=M-gAjKIP
ЕМС Кафедра електромеханічних та електротехнічних систем,dep_img_47.jpg,https://lpnu.ua/sites/default/files/styles/teaser/public/2026/9/22/news/37663/geminigeneratedimager3ynosr3ynosr3yn.jpg?itok=CS3NhMnk
ТЗЕ Кафедра теоретичної та загальної електротехніки,dep_img_48.jpg,https://lpnu.ua/sites/default/files/styles/teaser/public/2026/9/21/news/37651/120.jpg?itok=DtF4-J7Z
"ТТАЕ Кафедра теплоенергетики, теплових та атомних електричних станцій",dep_img_49.jpg,https://lpnu.ua/sites/default/files/styles/teaser/public/2026/9/10/news/37522/1foto.jpg?itok=zKsOU6r6
ЕЗІКТ Кафедра електронних засобів інформаційно-комп’ютерних технологій,dep_img_50.jpg,https://lpnu.ua/sites/default/files/styles/teaser/public/2026/9/14/news/37562/111afishav1-1.jpg?itok=ZXfGYyBC
ЕЛІ Кафедра електронної інженерії,dep_img_51.jpg,https://lpnu.ua/sites/default/files/styles/teaser/public/2026/9/21/news/37646/4.jpg?itok=4pcFjjaJ
ІКТ Кафедра інформаційно-комунікаційних технологій,dep_img_52.jpg,https://lpnu.ua/sites/default/files/styles/teaser/public/2026/7/23/news/37242/zastavka.jpg?itok=1xkj0w0A
НПЕ Кафедра напівпровідникової електроніки,dep_img_53.jpg,https://lpnu.ua/sites/default/files/styles/teaser/public/2026/7/22/news/37231/11-img202607201200490.jpg?itok=m5Uyc-dS
ПАСІ Кафедра програмно-апаратних систем інфокомунікацій,dep_img_54.jpg,https://lpnu.ua/sites/default/files/styles/teaser/public/2026/7/1/news/37082/2026062209014010.jpg?itok=9aiWNFiI
РЕТС Кафедра радіоелектронних технологій інформаційних систем,dep_img_55.jpg,https://lpnu.ua/sites/default/files/styles/teaser/public/2026/9/8/news/37484/121.jpg?itok=lA9voKtj
АСУ Кафедра автоматизованих систем управління,dep_img_56.jpg,https://lpnu.ua/sites/default/files/styles/teaser/public/2026/9/14/news/37565/10.png?itok=yus37AZi
ІСМ Кафедра інформаційних систем та мереж,dep_img_57.jpg,https://lpnu.ua/sites/default/files/styles/teaser/public/2026/9/18/news/37642/14514235474536.jpg?itok=w--Dw09e
ІТВС Кафедра інформаційних технологій видавничої справи,dep_img_58.jpg,https://lpnu.ua/sites/default/files/styles/teaser/public/2026/7/7/news/37148/itcl-prog-t.jpg?itok=R2y2EXqV
ПЗ Кафедра програмного забезпечення,dep_img_59.jpg,https://lpnu.ua/sites/default/files/styles/teaser/public/2026/9/3/news/37431/dsc9656.jpg?itok=yKHiS9_Z
ПЛ Кафедра прикладної лінгвістики,dep_img_60.jpg,https://lpnu.ua/sites/default/files/styles/teaser/public/2026/9/18/news/37643/geminigeneratedimagevkacdavkacdavkac.jpg?itok=KnSI6DaS
САП Кафедра систем автоматизованого проектування,dep_img_61.jpg,https://lpnu.ua/sites/default/files/styles/teaser/public/2026/8/3/news/37301/kphoto-04.jpg?itok=lQXODekI
СВР Кафедра систем віртуальної реальності,dep_img_62.jpg,https://lpnu.ua/sites/default/files/styles/teaser/public/2026/9/22/news/37670/111img9238.jpg?itok=-FuuXgpC
СШІ Кафедра систем штучного інтелекту,dep_img_63.jpg,https://lpnu.ua/sites/default/files/styles/teaser/public/2026/9/15/news/37602/img7481.JPG?itok=ajLZ8mL_
БІТ Кафедра безпеки інформаційних технологій,dep_img_64.jpg,https://lpnu.ua/sites/default/files/styles/teaser/public/2026/5/29/news/36656/img9497-t.jpg?itok=NegQS0Nd
ЕОМ Кафедра електронних обчислювальних машин,dep_img_65.jpg,https://lpnu.ua/sites/default/files/styles/teaser/public/2026/9/21/news/37653/777valeriiamezentseva-315-dsc0747.jpg?itok=doVRgeat
ЗІ Кафедра захисту інформації,dep_img_66.jpg,https://lpnu.ua/sites/default/files/styles/teaser/public/2026/6/19/news/36939/zi-shkval-t.jpg?itok=cu6V8rPl
ІВТ Кафедра інформаційно-вимірювальних технологій,dep_img_67.jpg,https://lpnu.ua/sites/default/files/styles/teaser/public/2026/6/29/news/37037/iktarobotics-2026110-t.jpg?itok=TwhptmrA
ІМР Кафедра інтелектуальної мехатроніки і роботики,dep_img_68.jpg,https://lpnu.ua/sites/default/files/styles/teaser/public/2026/7/14/news/37198/edra-722147510180944227462488333549654702056783948n-t.jpg?itok=kI9ZDIgz
КСА Кафедра комп'ютеризованих систем автоматики,dep_img_69.jpg,https://lpnu.ua/sites/default/files/styles/teaser/public/2026/5/21/news/36481/5220086617610068980-t.jpg?itok=cXphCR9p
СКС Кафедра спеціалізованих комп'ютерних систем,dep_img_70.jpg,https://lpnu.ua/sites/default/files/styles/teaser/public/2026/6/30/news/37062/img4380-e.jpg?itok=_LXDsuW6
АВІ Кафедра авіаційної та виробничої інженерії,dep_img_71.jpg,https://lpnu.ua/sites/default/files/styles/teaser/public/2026/5/22/news/36545/20260521120807-t.jpg?itok=tjME7zk2
АТ Кафедра автомобільного транспорту,dep_img_72.jpg,https://lpnu.ua/sites/default/files/styles/teaser/public/2026/9/22/news/37674/1zobrazhennya1.jpg?itok=oB7dRcFP
ЗТ Кафедра залізничного транспорту,dep_img_73.jpg,https://lpnu.ua/sites/default/files/styles/teaser/public/2026/9/7/news/37472/photo2026-09-0709-56-59.jpg?itok=H_ZBzAxZ
МІМ Кафедра матеріалознавства та інженерії матеріалів,dep_img_74.jpg,https://lpnu.ua/sites/default/files/styles/teaser/public/2026/9/15/news/37601/3333-1.jpg?itok=aX4uTkpR
ПМАІ Кафедра проєктування машин та автомобільного інжинірингу,dep_img_75.jpg,https://lpnu.ua/sites/default/files/styles/teaser/public/2026/5/20/news/36467/pmai-202605181217150-t.jpg?itok=eOWCluno
РІТМ Кафедра робототехніки та інтегрованих технологій машинобудування,dep_img_76.jpg,https://lpnu.ua/sites/default/files/styles/teaser/public/2026/8/20/news/37360/kuzo.jpg?itok=p1Bop83E
ТМІГ Кафедра технічної механіки та інженерної графіки,dep_img_77.jpg,https://lpnu.ua/sites/default/files/styles/teaser/public/2026/5/29/news/36649/tmig-226-t.jpg?itok=10VkrLbq
ТТ Кафедра транспортних технологій,dep_img_78.jpg,https://lpnu.ua/sites/default/files/styles/teaser/public/2026/9/11/news/37539/1pxl20260829132620871.jpg?itok=GChlS_Y5
ГМК Кафедра графіки та мистецтва книги,dep_img_79.jpg,https://lpnu.ua/sites/default/files/styles/teaser/public/2026/8/26/news/37381/zastavka_0.jpg?itok=KLICdikB
КППВ Кафедра комп'ютеризованих комплексів поліграфічних та пакувальних виробництв,dep_img_80.jpg,https://lpnu.ua/sites/default/files/styles/teaser/public/2026/6/22/news/36965/kppv-zobrazhennya2-t.jpg?itok=bkzweD5u
КТВП Кафедра комп'ютерних технологій у видавничо-поліграфічних процесах,dep_img_81.jpg,https://lpnu.ua/sites/default/files/styles/teaser/public/2026/6/3/news/37090/photo2026-06-0318-44-000-t.jpg?itok=U2If5APN
"МІКС Кафедра медійних технологій, інформаційної та книжкової справи",dep_img_82.jpg,https://lpnu.ua/sites/default/files/styles/teaser/public/2026/6/30/news/37059/miks-foto-t.png?itok=V5Kq9eux
ММВП Кафедра менеджменту та маркетингу у видавничо-поліграфічній справі,dep_img_83.jpg,https://lpnu.ua/sites/default/files/styles/teaser/public/2026/7/30/news/37284/pol1.png?itok=G16mAB-R
МТ Кафедра мультимедійних технологій,dep_img_84.jpg,https://lpnu.ua/sites/default/files/styles/teaser/public/2026/9/14/news/37557/abc728c9-5698-42a6-8d20-734855c28d60.png?itok=vdAsRd3R
ПТП Кафедра поліграфічних технологій та паковань,dep_img_85.jpg,https://lpnu.ua/sites/default/files/styles/teaser/public/2026/7/23/news/37239/10.jpeg?itok=GCieIPr4
АІП Кафедра адміністративного та інформаційного права,dep_img_86.jpg,https://lpnu.ua/sites/default/files/styles/teaser/public/2026/9/24/news/37706/113.jpg?itok=sMTK7BKF
ЖЗМК Кафедра журналістики та засобів масової комунікації,dep_img_87.jpg,https://lpnu.ua/sites/default/files/styles/teaser/public/2026/9/11/news/37535/messengercreation50a52414-6554-4209-aba3-f6de908bd240.jpeg?itok=E2uSUQGS
МКП Кафедра міжнародного та кримінального права,dep_img_88.jpg,https://lpnu.ua/sites/default/files/styles/teaser/public/2026/7/20/news/37222/img2177-1-kopiya.jpg?itok=kktnpd-w
ПІО Кафедра педагогіки та інноваційної освіти,dep_img_89.jpg,https://lpnu.ua/sites/default/files/styles/teaser/public/2026/6/17/news/36909/17816052242747-t.jpg?itok=uAY-R3Hr
ППМЗ Кафедра практичної психології ментального здоров'я,dep_img_90.jpg,https://lpnu.ua/sites/default/files/styles/teaser/public/2026/9/2/news/37426/78685390145715373265015314472688192992369784n.jpg?itok=STR1kPjF
ТПК Кафедра теорії пpaвa та конституціоналізму,dep_img_91.jpg,https://lpnu.ua/sites/default/files/styles/teaser/public/2026/7/14/news/37204/yurosvita26-1024x576.png?itok=y-c5ntXo
ТПП Кафедра теоретичної та прикладної психології,dep_img_92.jpg,https://lpnu.ua/sites/default/files/styles/teaser/public/2026/9/7/news/37466/11muzeyvsi.jpg?itok=Oxu7yMoT
ЦПП Кафедра цивільного права та процесу,dep_img_93.jpg,https://lpnu.ua/sites/default/files/styles/teaser/public/2026/5/30/news/36676/cpp-conc-023-t.jpg?itok=uyiAOUJs
ВМ Кафедра вищої математики,dep_img_94.jpg,https://lpnu.ua/sites/default/files/styles/teaser/public/2026/9/15/news/37588/123img2611.jpg?itok=W2VzLnGl
КЗФ Кафедра загальної фізики,dep_img_95.jpg,https://lpnu.ua/sites/default/files/styles/teaser/public/2026/7/6/news/37136/zobrazhennyaviber2026-07-0307-32-27-717-kopiya.jpg?itok=w0t2Yhr0
МІ Кафедра міжнародної інформації,dep_img_96.jpg,https://lpnu.ua/sites/default/files/styles/teaser/public/2026/9/22/news/37668/1ignatov-2.jpg?itok=Fj9Hhumw
ОМП Кафедра обчислювальної математики та програмування,dep_img_97.jpg,https://lpnu.ua/sites/default/files/styles/teaser/public/2026/9/11/news/37543/img6460.jpeg?itok=7Ujg1sIn
ПМ Кафедра прикладної математики,dep_img_98.jpg,https://lpnu.ua/sites/default/files/styles/teaser/public/2026/9/17/news/37628/photo2026-09-1523-27-48.jpg?itok=fGRbTe9H
ПФН Кафедра прикладної фізики і наноматеріалознавства,dep_img_99.jpg,https://lpnu.ua/sites/default/files/styles/teaser/public/2026/9/22/news/37664/1photo-2026-09-18-16-46-13.jpg?itok=qY6SZGfU
ЕКМ Кафедра економіки і маркетингу,dep_img_100.jpg,https://lpnu.ua/sites/default/files/styles/teaser/public/2026/5/18/news/36407/20260514124630-t.jpg?itok=pdpYriEd
ІСТ Кафедра інформаційних систем і технологій,dep_img_101.jpg,https://lpnu.ua/sites/default/files/styles/teaser/public/2026/6/30/news/37051/photo5316969062489331946y-t.jpg?itok=3lOySDYo
"ФОА Кафедра фінансів, обліку і аналізу",dep_img_102.jpg,https://lpnu.ua/sites/default/files/styles/teaser/public/2026/3/27/news/35501/76-t.jpg?itok=Qgl5DtV5
ЕБПД Кафедра екологічної безпеки та природоохоронної діяльності,dep_img_103.jpg,https://lpnu.ua/sites/default/files/styles/teaser/public/2026/7/30/news/37287/img7600.jpg?itok=hBUniRop
ЕЗП Кафедра екології та збалансованого природокористування,dep_img_104.jpg,https://lpnu.ua/sites/default/files/styles/teaser/public/2026/8/18/news/37353/agri-1.jpg?itok=XRSHxevq
ОХ Кафедра органічної хімії,dep_img_105.jpg,https://lpnu.ua/sites/default/files/styles/teaser/public/2026/9/14/news/37572/geminigeneratedimageu0ufttu0ufttu0uf.jpg?itok=E6deodnO
"ТБСФБ Кафедра технології біологічно активних сполук, фармації та біотехнології",dep_img_106.jpg,https://lpnu.ua/sites/default/files/styles/teaser/public/2026/7/27/news/37253/img8275.jpg?itok=W32Qm7Nb
ТОП Кафедра технології органічних продуктів,dep_img_107.jpg,https://lpnu.ua/sites/default/files/styles/teaser/public/2026/9/15/news/37595/20-1.jpg?itok=2JdgAqWb
"ФАЗХ Кафедра фізичної, аналітичної та загальної хімії",dep_img_108.jpg,https://lpnu.ua/sites/default/files/styles/teaser/public/2026/6/4/news/36733/dsc00100.jpg?itok=-t5s-fvh
ХІ Кафедра хімічної інженерії,dep_img_109.jpg,https://lpnu.ua/sites/default/files/styles/teaser/public/2026/9/18/news/37634/geminigeneratedimageoe8sckoe8sckoe8s.jpg?itok=sjppVGhc
ХТНГ Кафедра хімічної технології  переробки нафти та газу,dep_img_110.jpg,https://lpnu.ua/sites/default/files/styles/teaser/public/2026/5/26/news/36603/khtng-photo2026-05-2517-24-37-t.jpg?itok=HkSy_hXu
ХТНР Кафедра хімії і технології неорганічних речовин,dep_img_111.jpg,https://lpnu.ua/sites/default/files/styles/teaser/public/2026/9/23/news/37681/1dsc07834.jpg?itok=GWxGIjcP
ХТПП Кафедра хімічної технології переробки пластмас,dep_img_112.jpg,https://lpnu.ua/sites/default/files/styles/teaser/public/2026/9/3/news/37435/cmpsummercamp.jpg?itok=evES22fQ
ХТС Кафедра хімічної технології силікатів,dep_img_113.jpg,https://lpnu.ua/sites/default/files/styles/teaser/public/2026/9/14/news/37555/pxl20260911115208027mp.jpg?itok=LzprVS12
